source,app,date,stars,quote,url,job,symptom,persona,theme
Play Store,Groww,2026-09-19,1,…Basic portfolio filtering and sorting tools are missing. Importing funds is useless if invested values are wrong.,https://play.google.com/store/apps/details?id=com.nextbillion.groww&reviewId=54937f05-0997-4ce6-9df6-a27bbfab9093,review a client's/own imported portfolio,functional: missing,retail-experienced,T5
Play Store,Groww,2026-08-08,2,Please restore the **NIFTY 50 stocks arrangement by Market Cap**. The new order is confusing and less useful for tracking the index. A **Market Cap: High → Low** option would be much better.,https://play.google.com/store/apps/details?id=com.nextbillion.groww&reviewId=c4108b20-7745-437a-9098-fe7e1fdb1cc0,scan an index list to pick,usability: can't do,retail-experienced,T5
Play Store,Groww,2026-08-19,2,Bonds interface is too difficult to understand . I can't even view my portfolio,https://play.google.com/store/apps/details?id=com.nextbillion.groww&reviewId=6437ae8a-4f4d-48d4-9428-8c5025acdc2a,understand bond holdings,content: unclear/jargon,retail-experienced,T11
Play Store,Groww,2026-08-11,2,"App is fast, but difficult to understand. Watch list is for quick view but getting is difficult, 3 taps. Default tab option is not present",https://play.google.com/store/apps/details?id=com.nextbillion.groww&reviewId=09ec0a99-2d28-4add-81ff-9ee906df9f8d,reach a shortlist quickly,usability: can't find,retail-first-time,T9
Play Store,Groww,2026-08-08,2,…ews dot indicators · Watchlist placement next to holdings/orders is irritating · No proper positions tab like Zerodha · Landing page is endless feed-add sections · Loans tab = useless clutter Feels like a legacy app. Redesign needed badly.,https://play.google.com/store/apps/details?id=com.nextbillion.groww&reviewId=3bbbe543-39c7-49b6-bda4-9c72009db883,"navigate to investing, not trading",usability: can't find,retail-experienced,T9
Play Store,Groww,2026-09-09,4,"Needs to work on more filters and UI list to help investors to pick the right stock of their interest like other apps. For muslim to find Sharia Compliant stock , similar to a Jain they need Satvik filter or if we need to pick some stock which have 1.Low Debt to Asset , 2.High Profit margin stock 3.Latest trending AI, Semiconduc…",https://play.google.com/store/apps/details?id=com.nextbillion.groww&reviewId=e177841e-c314-4ef0-9401-90968f55ce7b,"screen by a personal constraint (Sharia/Satvik, low debt)",functional: missing,retail-experienced,T5
Play Store,INDmoney,2026-08-07,1,Pathetic. So confusing and congested interface that by mistake redeemed my folio that I wanted to redeem the least. Then you guys need to play hide and seek. Why when there's an issue he/she has to raise a ticket to get an assistance? Highly recommend to not use this platform.,https://play.google.com/store/apps/details?id=in.indwealth&reviewId=fde1d1df-ddf7-4bc0-b78e-8204c147973c,redeem the right folio,usability: can't do,retail-experienced,T9
Play Store,INDmoney,2026-08-04,2,"useless...no granular analysis...it shows only urF list, invested amount and current value..which I already know",https://play.google.com/store/apps/details?id=in.indwealth&reviewId=22b85fe0-51da-41fa-9935-94c0b802fcd7,analyse a fund beyond invested/current value,functional: missing,retail-experienced,T1
Play Store,INDmoney,2026-06-25,2,DO NOT TRUST THE ANALYST RATINGS OR BUY/HOLD/SELL Recommendations from the app. they never get updated and are obsolete. LUNR is dying from 40 it has fallen down to 19 but the rating and recommendation remains the same. it was BUY during 40 and still it is a buy (which actually makes sense at 19),https://play.google.com/store/apps/details?id=in.indwealth&reviewId=60524a9c-5a81-482a-bab7-34dd06f07e78,decide buy/hold from a rating,trust: rating games,retail-experienced,T6
Play Store,INDmoney,2026-06-30,3,…Also the Returns shown for all stocks etf are Absolute. Industry norm is showing CAGR. this is intentional misleading. all other apps clearly mention as absolute cagr or xirr...Ind money simply displays absolute without any mention making is believe it's cagr..Eg Vanguard 1 year return is 19 percent. 3 year shows 67 percent. you…,https://play.google.com/store/apps/details?id=in.indwealth&reviewId=1bbb49ff-0b4b-43f7-b6e9-42e7721578a0,compare returns across periods,trust: honesty,retail-experienced,T8
Play Store,INDmoney,2026-03-09,3,"it always want to fetch gmail as your email address, though i have other email as my primary email, this is a flaw , also securities are not easily searchable charts are outdated..",https://play.google.com/store/apps/details?id=in.indwealth&reviewId=18e0c3f1-b317-40bf-b782-ec51907f270d,find a security,usability: can't find,retail-experienced,T4
Play Store,INDmoney,2026-08-02,3,"Should have font in bold. very difficult to see on small mobile. Should include FDs in investment portfolio For mutual fund should provide sortino ratio, upside & downside capture ratios & Rolling returns vs benchmark",https://play.google.com/store/apps/details?id=in.indwealth&reviewId=1f2e02b4-9d22-45f2-864b-f8accc870a74,evaluate a fund against benchmark,functional: missing,retail-experienced,T10
Play Store,INDmoney,2026-04-20,3,"INDmoney offers useful features, but constant UI/UX changes make it frustrating to use. Frequent updates shift menus and navigation, forcing users to relearn the app again and again. Instead of improving usability, many changes create confusion and slow down simple tasks. A finance app should feel stable and predictable. Please…",https://play.google.com/store/apps/details?id=in.indwealth&reviewId=4b8141bd-b7b0-4ab4-9ffb-39da6225b5ef,re-find a feature after an update,usability: can't find,retail-experienced,T9
Play Store,INDmoney,2026-01-02,2,"I am tired of IndMoney constantly nagging for US stocks, F&O. I was there for the informative and technical aspects of Stocks and MFs. used to be best in terms of presentation and info. Over time, it started to clutter the app UI and was too pushy with US stocks. We know you have that, you can stop telling us this everyday.",https://play.google.com/store/apps/details?id=in.indwealth&reviewId=799ac957-57d5-424c-b8d5-a9a61615b1b1,research stocks and MFs without upsell,content: too much noise,retail-experienced,T9
Play Store,Zerodha Coin,2026-09-17,1,"⭐ Coin provides a convenient platform for investing, but the mutual fund information available to customers is very limited compared with other investment platforms. More detailed needs to be provided.",https://play.google.com/store/apps/details?id=com.zerodha.coin&reviewId=736a4e40-874f-49da-8902-6131e070c483,read a fund page,functional: missing,retail-first-time,T1
Play Store,Zerodha Coin,2026-08-22,1,Doesn't have enough & correct info sometimes for some funds. Some fund scheme documents are not opening.,https://play.google.com/store/apps/details?id=com.zerodha.coin&reviewId=1e9cc8c7-80de-4ce0-9f9c-0cc0ee1b6368,open the scheme document,functional: broken,retail-experienced,T1
Play Store,Zerodha Coin,2026-08-12,1,Highly confusing and not user-friendly you You should atleast learn from your competitors groww. my main portfolio is on groww I am building satellite portfolio in coin it is high difficult to modify your sip and create different sip for fund's,https://play.google.com/store/apps/details?id=com.zerodha.coin&reviewId=bdebc4b0-5495-4ec5-a79b-693835f26389,build a satellite portfolio,usability: can't do,retail-experienced,T9
Play Store,Zerodha Coin,2026-07-01,1,"The mutual fund search in the Coin app has a bug. Search results disappear when exactly two characters are entered. For example, typing ""g"" shows relevant funds, but typing ""go"" returns no results. Typing ""gol"" or ""gold"" brings the results back. This is confusing and makes it seem like no matching funds exist. Please fix the…",https://play.google.com/store/apps/details?id=com.zerodha.coin&reviewId=c2667269-7155-4bef-bee6-985c2eeeabe7,search a fund by name,functional: broken,retail-experienced,T4
Play Store,Zerodha Coin,2026-03-24,1,sub par application. very difficult to search for funds and look for details.,https://play.google.com/store/apps/details?id=com.zerodha.coin&reviewId=800ff40d-80c4-47c6-b041-de178074a9e9,search and read details,usability: can't find,retail-experienced,T4
Play Store,Zerodha Coin,2025-12-18,1,there is a huge blunder is going on I search for ICICI Prudential Strategic Metal and Energy Equity FundofFund on the andriod app but its not been available but it's shown in the web app not in the Android one I am shocked😱🤯🤯 what's going on here,https://play.google.com/store/apps/details?id=com.zerodha.coin&reviewId=76cd8362-b105-4ad5-b371-980c19bf3ce9,find a specific FoF,usability: can't find,retail-experienced,T4
Play Store,Zerodha Coin,2026-01-02,1,"Dude, the UI is a mess, it's super hard to get around. You gotta make it easy for customers to see and view stuff better. All those huge menus and constant back-and-forth toggling to view, manage, and understand things are a nightmare.",https://play.google.com/store/apps/details?id=com.zerodha.coin&reviewId=8d6f79fd-6509-40aa-b992-e7f1bbe2c4b3,"view, manage and understand holdings",usability: can't find,retail-experienced,T9
Play Store,Zerodha Coin,2025-12-05,1,Sip amount is Higher other broker sip will start just a 100 rupees also not rating features available any suggestions Avilable ranking Also not availabl dear team please improve your app,https://play.google.com/store/apps/details?id=com.zerodha.coin&reviewId=b33fdb7e-4586-4567-b6d3-a6bfd9e75a16,pick a fund with a rating/ranking,functional: missing,retail-first-time,T2
Play Store,Zerodha Coin,2025-09-30,1,"nice ui, but there is very little data about the funds and no information regarding AUM, 1 month growth chart, sector holding, no comparison of funds in the same category and graph is just dataless. I hope, they work on these things.",https://play.google.com/store/apps/details?id=com.zerodha.coin&reviewId=d9acf4c4-c0a2-4ea9-8059-ee52ff60f9f2,compare a fund with its category,functional: missing,retail-experienced,T1
Play Store,Zerodha Coin,2025-09-19,1,"…we don't have a filter to select globally investing mutual funds. Team efforts are not much appreciated.. please work on coin applications. Thanks. refer Stock edge⭐⭐⭐⭐, ticker tape, trendlyne , value reasearch apps.",https://play.google.com/store/apps/details?id=com.zerodha.coin&reviewId=57675ff1-a7e4-4e07-9917-c04a1c9cc2c5,filter for globally investing funds,functional: missing,retail-experienced,T5
Play Store,Zerodha Coin,2026-08-10,2,"COIN APP does not show returns based on years filters. Does not suggest the best funds to invest in. Also, can't search a lot of Mutual funds which can be seen on the Groww app.",https://play.google.com/store/apps/details?id=com.zerodha.coin&reviewId=465fcc25-b91c-408e-81fd-28b68b78077f,"filter returns by year, find best funds",functional: missing,retail-first-time,T2
Play Store,Zerodha Coin,2026-08-09,2,"…Searching on Coin does not work for many mutual funds. Had to Google them but cant go to app. 5. Even after MF units credited to my Demat a/c, Coin did not show any data on my investments. It still shows 0 invested. 6. info inaccurate.",https://play.google.com/store/apps/details?id=com.zerodha.coin&reviewId=e00e8f13-25d7-4ee2-95ea-9bd088e2877a,search a fund seen elsewhere,functional: broken,retail-experienced,T4
Play Store,Zerodha Coin,2026-08-03,2,"why are zerodha ignoring their mutual funds investors ? This is such a basic app while competition are offering detailed and analytical information, research articles, blogs while in coin we have only basic information of the mutual fund but they should atleast show the rolling returns, returns calculator etc.",https://play.google.com/store/apps/details?id=com.zerodha.coin&reviewId=b1395e14-6afd-41ae-9154-9811475f5c53,read rolling returns before investing,functional: missing,retail-experienced,T1
Play Store,Zerodha Coin,2026-07-04,2,"Please upgrade the app. The data shown about mutual fund is incorrect means showing different number of returns,aum size and different expense ratio also in compair to value research numbers. Please timely upgrade the app and data in the app also. Neither we have better option available now.",https://play.google.com/store/apps/details?id=com.zerodha.coin&reviewId=91a4f8c2-7a18-43d1-be32-1958f043549f,verify fund data against Value Research,trust: honesty,retail-experienced,T8
Play Store,Zerodha Coin,2025-09-29,2,"…Have been using Kuvera for years now, and they have such an intuitive experience where I can compare category funds, can see expense ratio, returns of the category peers in one screen.. long ways to improve Coin team.. using just because you offer a minor account which opened with seamless experience, but the overall UI is under…",https://play.google.com/store/apps/details?id=com.zerodha.coin&reviewId=948c129d-4d47-4266-a978-937c6f6cf636,compare category peers on one screen,functional: missing,retail-experienced,T3
Play Store,Zerodha Coin,2025-07-28,2,not so much attractive LIKE paytm money .. after buy multiple mutual fund having category division also... it's showing in all in one page.. so by mistake lumsum investment is wrong way in choosing any one fund..,https://play.google.com/store/apps/details?id=com.zerodha.coin&reviewId=902f8b5e-55e6-4b97-b344-4feb74a00c52,pick the right fund from an undivided list,usability: can't do,retail-first-time,T9
Play Store,Zerodha Coin,2025-07-04,2,It is very difficult to find stock and mutual funds. app design is not user friendly . IND money I think is a little easier compared to your app,https://play.google.com/store/apps/details?id=com.zerodha.coin&reviewId=5637ca3c-c45b-4d17-991f-93f93925ba12,find a stock or fund,usability: can't find,retail-first-time,T4
Play Store,Zerodha Coin,2025-05-13,2,I don't know why they have released the app. It looks like an MVP rather than a fully developed app. There is so little information regarding everything in the app. Where does your money go? where is it stuck? Why don't allotted funds show up on your investments? This feels like a very cheap product.,https://play.google.com/store/apps/details?id=com.zerodha.coin&reviewId=eb2113ca-791e-4afc-b9c9-f872ddb4105f,know where the money went,content: unclear,retail-first-time,T1
Play Store,Zerodha Coin,2025-01-16,2,"Return details not showing when we search for funds, when filter.. we have to go in detail of that scheme.. Basic data should be visible on front list .... Under sorting, sorting by return should be available. Further taking extra time to execute order as compared to other apps e.g Groww. Unable to open this app since 2 days ,…",https://play.google.com/store/apps/details?id=com.zerodha.coin&reviewId=9d11c12a-ee2b-4804-960c-b60fa53e66f9,see returns in the search list and sort by them,functional: missing,retail-experienced,T5
Play Store,Zerodha Coin,2024-12-05,2,"Good, but dashboard is useless compare to other apps. If you want know anything about any MF than it will redirect to the MF site. So it not much user friendly.",https://play.google.com/store/apps/details?id=com.zerodha.coin&reviewId=651941c6-888a-408d-8384-41d984349621,read about a fund without leaving the app,functional: missing,retail-experienced,T1
Play Store,Zerodha Coin,2024-11-22,2,please add a section in search bar area too see funds from AMC's which invest money in international markets,https://play.google.com/store/apps/details?id=com.zerodha.coin&reviewId=401e367f-6b79-4a3a-b59b-b49156746bc5,find international funds,usability: can't find,retail-experienced,T4
Play Store,Zerodha Coin,2024-09-04,2,"…No info about charges, taxes, exit load, etc.",https://play.google.com/store/apps/details?id=com.zerodha.coin&reviewId=d514130c-4e7e-4127-ba8e-92edbe3a5f25,see charges/exit load before buying,content: missing numbers,retail-experienced,T1
Play Store,Zerodha Coin,2024-04-11,2,"I was thinking to switch to zerodha coin but Lots of basic thing are missing . 1. can't compare with other funds . 2. Needs more filters like returns. 3. Not showing comparison with standard index fund. 4.can't get idea of lumsum or SIP return calculator . 5. Not showing how much fund allocate in large , mid small cap fund .…",https://play.google.com/store/apps/details?id=com.zerodha.coin&reviewId=f0851d2f-d45d-457c-b22b-ae5920aa0749,compare funds and see cap allocation,functional: missing,retail-experienced,T3
Play Store,Zerodha Coin,2024-01-27,2,…Everything about a fund in one screen is really needed.,https://play.google.com/store/apps/details?id=com.zerodha.coin&reviewId=b18621fd-4834-4ff8-8ca4-7d16259501bc,see everything about a fund in one screen,usability: can't do,retail-experienced,T1
Play Store,Zerodha Coin,2023-10-26,2,Its difficult to find out the best performing fund in any category. If i know the fund then it is easier for anyone to invest.,https://play.google.com/store/apps/details?id=com.zerodha.coin&reviewId=be38948a-5487-45e2-bb41-00559bbb828c,find the best fund in a category,usability: can't find,retail-first-time,T2
Play Store,Zerodha Coin,2023-10-19,2,"This application can be more user friendly. For example- NFO section -only name is mentioned, where can someone find other details such as unit price, fund manager etc...",https://play.google.com/store/apps/details?id=com.zerodha.coin&reviewId=879cfd96-f11c-48e7-943e-8a5e938a3401,evaluate an NFO,content: missing,retail-experienced,T1
Play Store,Zerodha Coin,2023-09-15,2,"There must be graph to show any fund performance against its benchmark, not vs category. Missing this much needed feature",https://play.google.com/store/apps/details?id=com.zerodha.coin&reviewId=9503c2f4-cc40-4c43-a61c-3bc73106feb5,judge a fund against its benchmark,functional: missing,retail-experienced,T10
Play Store,Zerodha Coin,2026-04-06,3,"You shouldn't be giving fund suggestions when there is no option to open it and check it directly. Response: I got a notification on fund suggestions to check out. i clicked on the notification. this opened the app which opened the list of funds Zerodha suggested checking out. But when I wanted to look into the fund further, it…",https://play.google.com/store/apps/details?id=com.zerodha.coin&reviewId=e5a54e65-be37-42a0-8f02-efcb40dc707a,open a suggested fund,functional: broken,retail-experienced,T6
Play Store,Zerodha Coin,2026-02-26,3,No issues with the app as such. But it app lacks substance. I need to get every information from other sources. Sometimes I wonder why I am still using this app.,https://play.google.com/store/apps/details?id=com.zerodha.coin&reviewId=88c19478-3e85-45b0-af22-1e4db6a444cc,research a fund,functional: missing,retail-experienced,T1
Play Store,Zerodha Coin,2026-01-06,3,"…Neither clearing cache nor reinstalling is resolving issue due to which Search for funds is always resulting in ""No Results found"". Next time onwards (after first login) the app stays stuck on the very first Loading screen User friendliness needs improvement. I am doing manual SIP, and it was difficult to understand how to advan…",https://play.google.com/store/apps/details?id=com.zerodha.coin&reviewId=f91e60ab-bf15-49a7-997f-272b129c1a2e,search funds,functional: broken,retail-first-time,T4
Play Store,Zerodha Coin,2026-01-03,3,"…there is no way to see how the similar fund types are ranked based on their return or star rating compared with their peers. okay kind of platform, nothing much.",https://play.google.com/store/apps/details?id=com.zerodha.coin&reviewId=9c7e615d-ed39-4402-83fc-26cfe78d1d7f,rank similar funds by return or stars,functional: missing,retail-experienced,T2
Play Store,Zerodha Coin,2025-06-21,3,"it would be great help if you can provide rolling returns, annual returns, albpha,Beta..etc parameters and provision to compare the selected funds on coin .",https://play.google.com/store/apps/details?id=com.zerodha.coin&reviewId=50637f02-5fe5-4944-ae7d-c3fee926cb65,compare selected funds on ratios,functional: missing,retail-experienced,T3
Play Store,Zerodha Coin,2024-11-07,3,"An app for mutual fund where you can't compare mutual funds, can't do STP, can't see CAGR for more than 5 years. Can't even compare funds with their respective index funds. Please add an option so that we can also track external mutual funds which were purchased on other platforms.",https://play.google.com/store/apps/details?id=com.zerodha.coin&reviewId=80497cd1-220d-4b66-8333-6b2c1807a79a,compare a fund with its index fund,functional: missing,retail-experienced,T3
Play Store,Zerodha Coin,2024-10-24,3,"I have been using this app since beginning of my investments but now it seems dated. I had to try a lot of other apps cause I wanted to do some changes to my portfolios. Here you won't get any insights on how your funds are performing, historical analysis and peer comparisons. I understand it can be intentional but general IQ…",https://play.google.com/store/apps/details?id=com.zerodha.coin&reviewId=a6d926b2-fbee-43c1-854e-693b1370cb78,review holdings with peer comparison,functional: missing,retail-experienced,T2
Play Store,Zerodha Coin,2024-08-26,3,"I am a mutual fund investor, and when I search for funds on coin, the information provided on the app is very basic. I use to go to other apps like ET money to explore more about any specific mutual fund.",https://play.google.com/store/apps/details?id=com.zerodha.coin&reviewId=a7176a82-130d-42d4-b119-77106f8aac6b,explore a fund,functional: missing,retail-experienced,T1
Play Store,Zerodha Coin,2024-08-24,3,You need to provide rating for mutual fund common people dont know which is performing better. With 100's of funds how do people know which is better.....lets say large cap which fund is better on various parameters just provide rating and everything is fine. Follow rating system like ET money which is now asking money for that…,https://play.google.com/store/apps/details?id=com.zerodha.coin&reviewId=0d84914d-d40f-4e23-adb3-9cf1d1a7b070,choose among hundreds of funds,functional: missing,retail-first-time,T2
Play Store,Zerodha Coin,2024-08-13,3,It's a nice app. But must learn from its competitors like groww... which has so many filters to help search the right mutual funds.,https://play.google.com/store/apps/details?id=com.zerodha.coin&reviewId=5527bd5c-b81d-484b-8baa-2ae7168918e7,search the right fund with filters,functional: missing,retail-first-time,T5
Play Store,Zerodha Coin,2024-08-10,3,No UPI auto pay. Please introduce overlap feature with my portfolio. And also tax implications for each mutual fund like above 1 year units and below 1 year units.,https://play.google.com/store/apps/details?id=com.zerodha.coin&reviewId=9b021d15-a982-4611-a2c1-55dbf91d7ecc,check overlap with own portfolio,functional: missing,retail-experienced,T10
Play Store,Zerodha Coin,2024-05-06,3,"…part The units are processed and allocated quickly once the investment is made Points to improve (Within the app UI): - Tracking if the fund is beating the respective index - Analysis of the overall mutual fund portfolio in terms of Sector, asset class allocation etc - Adding description while debiting money from bank account fo…",https://play.google.com/store/apps/details?id=com.zerodha.coin&reviewId=b72a0558-beb0-4c2b-a184-1a6aae400c75,check if a fund beats its index,functional: missing,retail-experienced,T10
Play Store,Zerodha Coin,2026-07-26,5,"give more filters like rolling return, holding analysis,fund market cap split sector allocation details, advance ratios... it's easy to find mutual funds please. create filter like Groww platform guys.",https://play.google.com/store/apps/details?id=com.zerodha.coin&reviewId=c924042e-4586-4bd7-8fac-5c250192128c,find funds via rich filters,functional: missing,retail-experienced,T5
Play Store,Zerodha Coin,2025-12-02,5,"…2) Genuine Fund Ratings & Analysis: Provide reliable, independent ratings/reports—we trust Zerodha's judgment completely. Thanks for considering.",https://play.google.com/store/apps/details?id=com.zerodha.coin&reviewId=52cf5617-d3c8-4bd4-82d4-e8791c04d4bd,get a rating from a source they trust,functional: missing,retail-experienced,PROTECT
Play Store,Zerodha Coin,2025-10-01,5,…please add detailed breakup of any mutual fund scheme like breakup of medicaps small cap and large cap and also others it will help to figure out the fund specifically beneficial for flexi cap 2. the detail breakup must be contain graphs or pie charts to understand quickly 3. add international mutual fund option differently in e…,https://play.google.com/store/apps/details?id=com.zerodha.coin&reviewId=0d59686c-fe51-4e64-832b-ae37ac900651,see cap breakup of a flexi cap,functional: missing,retail-experienced,T1
Play Store,Zerodha Coin,2026-05-28,4,ET money is better in terms of exploring and comparing the MFs. I also request a label feature so that one can add small notes to an SIP for their person purpose,https://play.google.com/store/apps/details?id=com.zerodha.coin&reviewId=a78f3b2e-1a6d-4ed0-ab63-1a4c886e2389,explore and compare MFs,functional: missing,retail-experienced,PROTECT
Play Store,Zerodha Coin,2025-01-04,4,"Including the following points would enhance the Coin app: 1. Peer Fund Comparison: Highlight the fund's performance relative to its peers in categories like large-cap, mid-cap, or small-cap, offering a clearer evaluation. 2. Performance vs Nifty/Sectoral Index: Display comparative charts benchmarking the fund's returns against…",https://play.google.com/store/apps/details?id=com.zerodha.coin&reviewId=911d7e7a-b686-4504-830b-62670c4c815d,evaluate vs peers and vs Nifty,functional: missing,retail-experienced,T3
Play Store,Zerodha Coin,2024-08-10,4,"Today, almost all mutual fund softwares like paytm and grow are providing ranking of each mutual fund and also provide best mutual fund in that segment by comparing with other mutual funds. it is very helpful to choose mutual fund by growth. please provide such facilities.",https://play.google.com/store/apps/details?id=com.zerodha.coin&reviewId=94b1fe7d-204f-4ba9-b6af-d148f542f04d,choose a fund by ranking within segment,functional: missing,retail-first-time,T2
Play Store,Zerodha Coin,2024-05-18,4,"UI is so neat and clean and not cluttered with unwanted features liky groww app. This is very simple, easy to use and it make you wanna come back often. NAV chart should have more options like all time returns and there should be an option to compare mutual funds. But don't let the Smooth UI slide.",https://play.google.com/store/apps/details?id=com.zerodha.coin&reviewId=0683c1e0-9edf-43cc-b324-2cb264888fd8,compare funds without clutter,functional: missing,retail-experienced,PROTECT
Play Store,Zerodha Coin,2025-09-17,5,"Using for last 5 years. Super smooth UI. No lag, No Glitches, No Clutter. On top of that Zerodha's trust. No recommendation & unnecessary notification for Stocks, IPOs, MFs etc. Overall best in the market.",https://play.google.com/store/apps/details?id=com.zerodha.coin&reviewId=0fc1f5ec-9298-45bf-b3cc-f39b2389f7ff,invest without being nudged,-,retail-experienced,PROTECT
Play Store,Zerodha Coin,2025-08-17,4,"…No clutter. No BS. Only MFs and nothing else. Scopes of improvement:- 1. Make Watchlist more accessible. 2. Add more data for MFs (other than CAGR) or make another app that is only for market research. 3. Many funds missing. (All major funds present)(Idk the criteria to list a MF here, if it's for genuine reasons i understand).…",https://play.google.com/store/apps/details?id=com.zerodha.coin&reviewId=15309fcc-d25e-4fb2-bb08-a0e826c7049d,research MFs beyond CAGR,functional: missing,retail-experienced,PROTECT
Play Store,ET Money,2026-08-22,1,Groww Small Cap is not buyable at ET money website and on app it's is not even searchable. on Coin and groww app the scheme is buyable . I don't know why this discrepancies at ET money.,https://play.google.com/store/apps/details?id=com.smartspends&reviewId=3f0cfa5f-33ef-4460-a007-4cf53c413c0e,find and buy a specific scheme,usability: can't find,retail-experienced,T4
Play Store,ET Money,2026-06-21,1,the extra money taken by ET money later for premium services are not worth and eye wash. The return details related to investment are misguiding as it shows your redeemed units too which is of no value. also when there is regular negative growth in any investment it does not pro actively suggest to switch or withdraw. only pop…,https://play.google.com/store/apps/details?id=com.smartspends&reviewId=3d7d8775-6210-4be2-aa0b-c193ef2bfb5d,trust return figures and get a switch nudge,trust: honesty,retail-experienced,T6
Play Store,ET Money,2026-06-16,1,et money recommended me pgim elss mutual fund which are worst fund so I don't trust on et money I UNINSTALL THIS APP FOR THIS REASON,https://play.google.com/store/apps/details?id=com.smartspends&reviewId=307154e8-73ba-42fb-94d9-1ef5478225c3,act on a recommendation,trust: rating games,retail-first-time,T6
Play Store,ET Money,2026-06-09,1,"What type of genius investing is this I cannot understand. Every month I suffer realized loss due to rebalancing. Rebalancing each month is not necessary. Holding good stocks for a long time is way of making profit, which also optimize tax. I picked several stocks which are doing very well compared to genius picked stocks. Not…",https://play.google.com/store/apps/details?id=com.smartspends&reviewId=9c7f7ee0-a4af-486b-8231-f1147e198fa2,follow algorithmic rebalancing,trust: rating games,retail-experienced,T6
Play Store,ET Money,2026-04-26,1,"Et Money has now started playing with users’ emotions. After taking money through investments, it is now demanding additional monthly subscription charges, which is not fair—especially for users who have been using the platform since the beginning. The app only shows mutual fund performance, which is basic information, and does…",https://play.google.com/store/apps/details?id=com.smartspends&reviewId=a75f5236-3201-418e-973c-973c6749caf6,get guidance beyond raw performance,trust: fees,retail-experienced,T7
Play Store,ET Money,2026-02-22,1,"Even after multiple follow-ups, the sorting of all mutual funds based on 1 Month CAGR or XIRR has not been reinstated. It's only available from 3 months to 10 Y. Wonder why your updates mess with 1 m filter always? Previously it was removed in Oct-25 Update, My ticket no was 29476 and it was reinstated on November 25, Now again…",https://play.google.com/store/apps/details?id=com.smartspends&reviewId=4c5a4ad5-eb84-4c2f-8974-39a446b05f74,sort all funds by 1-month return,functional: broken,retail-experienced,T5
Play Store,ET Money,2026-02-04,1,itni simple app huwa krti thi ap logo ki. jabardaasti ki 1000 cheeje daaldi h. apne invested mutual funda tk dhunndna mushkil hogya h. i have been using this app for 6 years but with every update the application gets more complicated. I use to recommend this app to my colleagues and friends but now its not worth it. They have…,https://play.google.com/store/apps/details?id=com.smartspends&reviewId=3989412c-d3d1-4f78-8a9f-9cc0823770ec,find own invested funds,usability: can't find,retail-experienced,T9
Play Store,ET Money,2026-07-08,2,Too complicated UI / UX as compared to groww app. Whenever we open screen we must see mutual funds to invest but we have to navigate alot.,https://play.google.com/store/apps/details?id=com.smartspends&reviewId=9789bb66-cf4e-4828-a80c-a972593f6ffc,reach the fund list,usability: can't find,retail-first-time,T9
Play Store,ET Money,2026-07-03,2,"The app has gone downhill. Too many unnecessary features have been added, making it much more complicated than before. It is no longer user-friendly, and finding basic investment information takes more effort than it should. The app also constantly promotes buying products, which hurts the overall experience. Overall, the…",https://play.google.com/store/apps/details?id=com.smartspends&reviewId=bbdbd97d-e39a-427e-9459-e8b509f7707a,find basic investment information,usability: can't find,retail-experienced,T9
Play Store,ET Money,2026-05-27,2,"Every time I login, existing features need new payment. Last time I paid 999 for tracking an external portfolio and seeing the ranking of mutual funds. but now it again says pay to upgrade. The app has become very much payment oriented. IND money is the best now. Hopefully next time login itself will not need money 🤑",https://play.google.com/store/apps/details?id=com.smartspends&reviewId=c6efc4c7-b123-4428-a880-dc666a92d4e3,see MF ranking after paying,trust: fees,retail-experienced,T7
Play Store,ET Money,2026-01-04,2,I was using the ET money app from past 4 years to compare and select mutual funds. I was investing more than 1 CR and all of a sudden they stopped website support to see my portfolio and genius plans view. By default they have started showing regular schemes rather than direct plans. I am forced to use a mobile app but I have al…,https://play.google.com/store/apps/details?id=com.smartspends&reviewId=cb4ece33-a430-4d12-8b26-cee6cf9f01e1,compare and select funds for a ₹1Cr+ book on a laptop,functional: missing,HNI,T3
Play Store,ET Money,2025-11-06,2,Have become very money oriented product. Even by taking membership their is no clarity and their is not surety that they will recommend you the best product.,https://play.google.com/store/apps/details?id=com.smartspends&reviewId=9bf33e60-7c16-4d4b-8409-b114c7961d0f,trust a paid recommendation,trust: honesty,retail-experienced,T6
Play Store,ET Money,2025-07-21,2,Disappointed by the quality and nature of advice. Extremely conservative suggestions (which support team admitted) even after taking the investor personality test and coming up as an Explorer. So not sure what the point of it is. They can't change the suggestions because they say It's algorithmic. The Genius stock purchases are…,https://play.google.com/store/apps/details?id=com.smartspends&reviewId=de26430b-3da5-4dbd-8724-21c8720e4607,get suggestions that match risk profile,trust: rating games,retail-experienced,T6
Play Store,ET Money,2025-07-13,2,"highly useless, no long-term vision or accountability. nonplan for switching funds in a tax efficient manner. recommendation of all mf from just 01 fund house, kudos to diversification and performance assessment.",https://play.google.com/store/apps/details?id=com.smartspends&reviewId=435ded43-d6ff-4ffd-b08d-0f03d6da4e36,get diversified recommendations,trust: rating games,retail-experienced,T6
Play Store,ET Money,2025-06-30,2,"…Search capability is not mature and it feels that the app is trying to sell Genius at every point, rather that solving problem of the client or provide them what they might be looking for. I find INDMoney or Groww way better.",https://play.google.com/store/apps/details?id=com.smartspends&reviewId=763a0dbd-f0c4-47b1-80d8-958bebd4dfb6,search a fund,usability: can't find,retail-experienced,T4
Play Store,ET Money,2025-04-14,2,"earlier app was good. now it doesn't show any rating or chart or any other features of mutual funds. for everything, it asks to activate genius plan. so it's money for everything.",https://play.google.com/store/apps/details?id=com.smartspends&reviewId=e235ced7-7c52-4bad-94fd-4fef24163278,see a rating or chart,trust: fees,retail-experienced,T7
Play Store,ET Money,2025-04-03,2,"…And why the hell have you moved the graph comparison to only under find new mutual fund section, whereas it use to be displayed under the current holdings. Bring the graph back under current portfolio as this was the only reason I started my account with ET Money back in 2018.",https://play.google.com/store/apps/details?id=com.smartspends&reviewId=5fc5290e-1ee3-4429-ae78-bfd5dedafa52,compare holdings on a graph,usability: can't find,retail-experienced,T3
Play Store,ET Money,2025-02-26,2,"…For example, looking for funds under one category is a task now. Even if you are viewing a small cap fund and click on 'view all funds under this category', it shows you all the funds across categories. Then apply filter and view funds as per your choice, and then all of a sudden the filter is cleared and you have to repeat the…",https://play.google.com/store/apps/details?id=com.smartspends&reviewId=9092c33f-665c-4015-a573-dad987c59a06,browse funds in one category,functional: broken,retail-experienced,T5
Play Store,ET Money,2026-07-18,3,"…the sorting doesn't work properly it's the old filters , can't hold lifetime and current value status permanent, recently found that it was difficult to find the international funds and I had to juggle around to find it.",https://play.google.com/store/apps/details?id=com.smartspends&reviewId=8c29a437-f6f6-442c-b357-8eb875f0ab53,"find international funds, sort",functional: broken,retail-experienced,T4
Play Store,ET Money,2026-03-31,3,Plz rate the MF with ET Money Rating & Star Ratings. Repeatedly mailed to ET Money to provide ET Money Rate & Star Rate for Tata Small Cap Fund Direct Growth after 5yrs of the fund is completed. These are required to screen the MFs,https://play.google.com/store/apps/details?id=com.smartspends&reviewId=4f6d2a89-6b37-4234-ab4c-ec62274bbf50,screen MFs by rating,functional: missing,retail-experienced,T2
Play Store,ET Money,2026-03-04,3,"…Edit on 04-03-2026, now they have blocked all features for review or comparison. For use of them pay hefty subscription charges, really bad service now.",https://play.google.com/store/apps/details?id=com.smartspends&reviewId=e2fa1427-0d60-421c-aa65-3ffe156d54e4,review or compare funds,trust: fees,retail-experienced,T7
Play Store,ET Money,2025-10-12,3,"The new UI is very bad. It's very difficult to compare funds. I already paid nearly Rs. 1000 for this. But this UI is totally disappointing. I am requesting ET money, kindly bring back the fund comparison features. Otherwise this app will not be usable. Too much ET money Genius advertisement. This is also very frustrating. Not…",https://play.google.com/store/apps/details?id=com.smartspends&reviewId=630001c6-4b62-4e7c-a014-932627259a61,compare funds,functional: missing,retail-experienced,T3
Play Store,ET Money,2025-10-28,3,Not value for money. I have tried their paid service Genius for 3 months but all it does is basic Mutual fund ranking and portfolio analysis. there are various apps like ind money which does the same thing better for free.,https://play.google.com/store/apps/details?id=com.smartspends&reviewId=eaf2610e-b058-44bf-bb57-19115a40a336,get ranking and portfolio analysis,trust: fees,retail-experienced,T7
Play Store,Value Research,2026-05-03,1,…Too many columns in default version of portfolio's which makes data Complex.. Can be given as filter on need basis. Defeats the very purpose of simple tracking of fund.. guys improve the UI and provide everything on the app.,https://play.google.com/store/apps/details?id=com.valueresearch.vro&reviewId=26ba16a3-5f01-4842-bd0b-55faa6bf6d76,track funds simply,content: too many numbers,retail-experienced,T9
Play Store,Value Research,2025-12-17,1,Do not know why this app exists. There are so many other apps available that too for free and gives much more in-depth analysis of your portfolio. Also screener part is so barebones and useless.,https://play.google.com/store/apps/details?id=com.valueresearch.vro&reviewId=d3171a6e-e3cd-4406-919a-4ad3cef2fd60,screen funds,functional: missing,retail-experienced,T5
Play Store,Value Research,2025-06-30,1,Still showing outdated BSE benchmarks in fund comparisons while 99% of equity mutual funds track NSE (Nifty-family TRI) indices. Makes performance comparisons misleading. Replace BSE with NSE benchmarks immediately or give users the option to switch. It’s 2025 — time to catch up.,https://play.google.com/store/apps/details?id=com.valueresearch.vro&reviewId=053bd9a9-2357-4861-84e1-219d14196ffe,compare fund vs the right benchmark,trust: honesty,RIA,T8
Play Store,Value Research,2025-01-05,1,"Disappointed with Value Research The Value Research app feels more like a revenue collection platform than a genuine research service. Despite paying for a subscription, the access to content is severely restricted. After making the payment, I was surprised to see that I couldn’t access certain articles and features—only to be…",https://play.google.com/store/apps/details?id=com.valueresearch.vro&reviewId=87dde5f1-d3de-4213-99ad-c01d6a9b7d0f,access research after paying,trust: fees,retail-experienced,T7
Play Store,Value Research,2024-04-05,2,on the performance page the chart comparison to index does not appear. all functions not ported to the app. suggest waiting before installation.,https://play.google.com/store/apps/details?id=com.valueresearch.vro&reviewId=c7a2fa40-07bc-4466-b578-2032e50e87a5,see chart vs index,functional: broken,retail-experienced,T3
Play Store,Value Research,2025-01-26,3,"Very useful app with lots of information. But several accessibility issues with the app make it less useful for the people with visual impairment. For example, the table of mutual funds cannot be fully access to its TalkBack. Please fix the accessibility issues.",https://play.google.com/store/apps/details?id=com.valueresearch.vro&reviewId=aa58eab4-d689-4cde-a2b8-951a7dcf613c,read the funds table with a screen reader,usability: can't do,retail-experienced,T11
Play Store,Value Research,2026-04-16,5,Excellent app for tracking your portfolio and individual funds. It allows comparison of up to five funds and provides accurate updates right after midnight. The app is ideal for quick checks. The website is better suited for detailed analysis.,https://play.google.com/store/apps/details?id=com.valueresearch.vro&reviewId=c3f71c06-4130-41c9-9326-0f6b6e0b387d,compare up to five funds,-,retail-experienced,PROTECT
Play Store,Value Research,2024-09-07,4,Financial Information at your finger tips say it's active market or passive market. The best app to compare between mutual funds and it's ratios.,https://play.google.com/store/apps/details?id=com.valueresearch.vro&reviewId=2bff5d68-861e-48b8-8f38-c564bcccb6c8,compare MFs and ratios,-,retail-experienced,PROTECT
Play Store,Value Research,2024-07-24,4,"…Since it is a tool identifying stocks that are good to invest, for the User it becomes difficult to decide which stocks to choose for investment. The app should develop a model portfolio of 20-25 stocks and every month review it for retain / drop /add similar to what certain brokerage houses do for its clients. The current syste…",https://play.google.com/store/apps/details?id=com.valueresearch.vro&reviewId=23d536b3-36fd-4f6f-9573-4c4ecf2728fd,decide which to choose from a good list,functional: missing,retail-experienced,T2
Play Store,Value Research,2024-09-11,4,"Tax treatment information for each mutual fund must be added specially for hybrid schemes where confusion is there like if a given hybrid fund shall be treated as equity type, debt type or like other assets that attracts 12.5% LTCG for 24 months holding period and 20% STCG for less than 24 months. Category under confusion are…",https://play.google.com/store/apps/details?id=com.valueresearch.vro&reviewId=3258f763-fe19-4181-9eae-cc682c24ca62,know tax treatment of a hybrid fund,content: unclear/jargon,retail-experienced,T11
Play Store,Tickertape,2026-07-18,1,"Sorry to say I have tried a couple of investment app, but this ticket tape app is absolutely one of my worst investments I have ever made. Your app is so congested and difficult to use that I have to spend several minutes just to get a small piece of information. Your stock screener and your stock data is so boring. You are not…",https://play.google.com/store/apps/details?id=in.tickertape&reviewId=0062c469-c4cc-4878-8674-d955602e4815,get a small piece of information,usability: can't find,retail-experienced,T9
Play Store,Tickertape,2026-02-28,1,Useless App. I have purchased a pro subscription to Analyse my portfolio. The Diversification score And XIRR return comparison with benchmark values changes very frequently. You will be completely confused about which score is right and which one is wrong.,https://play.google.com/store/apps/details?id=in.tickertape&reviewId=40f2889a-c7c8-4dea-93cf-2bdd77887d33,trust a portfolio score,trust: honesty,retail-experienced,T8
Play Store,Tickertape,2025-11-01,1,"the stocks updates are not effective since, major players like Geojit, Kotak or angel etc are not available to get updates. on MF Holdings therewere some red flags..But the underlying assumption are not made available to understand such flagging are unbiased.",https://play.google.com/store/apps/details?id=in.tickertape&reviewId=4300d0ed-3374-43b7-8f21-14a560fe2d4e,understand why a holding is red-flagged,content: unclear,retail-experienced,T6
Play Store,Tickertape,2026-04-21,2,"Disappointed that the mf screener for debt funds does not have a ""Modified Duration"" filter. For debt funds it's a very important filter to do a quick analysis. Strange that this simple thing is not available when I pay for the subscription. Please bring it ASAP. Moreover ui navigation and friendliness needs to be improved a…",https://play.google.com/store/apps/details?id=in.tickertape&reviewId=a88f8536-5c82-4f2b-a227-c57b8c416f77,screen debt funds by modified duration,functional: missing,RIA,T5
Play Store,Tickertape,2025-12-22,2,need more user friendly UI. make app so easy that non commerse invester can understand terms,https://play.google.com/store/apps/details?id=in.tickertape&reviewId=8a10a4bf-1ba4-4600-8ef8-6f1b3eaff22a,understand the terms,content: unclear/jargon,retail-first-time,T11
Play Store,Tickertape,2025-09-23,2,Review by a paid member UNRELIABLE- the recommendations are not to be trusted. for eg-they show that analysts have given a 0% score to a stock still beside it they write that analyst suggest you to buy the same stock. maybe there is another reason to buy the stock but they don't mention it. >the app is user friendly but it…,https://play.google.com/store/apps/details?id=in.tickertape&reviewId=e3e13d74-d7e7-49bd-8ef8-4d20c310a54a,reconcile score vs recommendation,trust: rating games,retail-experienced,T6
Play Store,Tickertape,2024-05-18,2,"Only one reason for low rating, please read this whole review. I really like the app, I've been using it since it was not even popular. The main issue I saw is the UI complexity in some features. I've saved a few stocks for reviewing it daily, and now I'm not even able to find where they are? Where is the list of saved stocks??…",https://play.google.com/store/apps/details?id=in.tickertape&reviewId=ead8093e-fb57-446f-87d0-400a1c0f832c,find saved stocks,usability: can't find,retail-experienced,T9
Play Store,Tickertape,2023-11-15,2,"…Cons of tickertape: Very depressing black UI, Difficult to find out details and explore, it takes a month to get use to it, they don't help the investor to arrive at a decision to buy or sell the stock, they just present details. Where's as Trendlye is very simple and full of valuables details and help to make informed decisions…",https://play.google.com/store/apps/details?id=in.tickertape&reviewId=0e328842-66bb-4712-9942-05c59b839f3c,arrive at a buy/sell decision,content: too many numbers,retail-experienced,T2
Play Store,Tickertape,2023-11-10,2,Updating my 5 star review to 2 star due to the removal of group flow chart/tree based on Market Cap & Sector of the portfolio in the new update. That single screen vision of diversification was their USP. Why did they take it down?,https://play.google.com/store/apps/details?id=in.tickertape&reviewId=81b71625-5b62-469a-bf30-adec361c0b77,see diversification in one screen,functional: missing,retail-experienced,T10
Play Store,Tickertape,2025-06-21,3,hi I installed the app. took Pro subscription. while analysing MF portfolio. App gave various benchmarks for the same catagory / type of funds. it is confusing. how to solve. thanks.,https://play.google.com/store/apps/details?id=in.tickertape&reviewId=c9a98d8b-29a1-41f5-b884-1ee227134803,benchmark a fund category,content: unclear,retail-experienced,T8
Play Store,Tickertape,2024-11-20,3,Please summarize the pros and cons system generated like screener .in does it,https://play.google.com/store/apps/details?id=in.tickertape&reviewId=e09e0b87-8696-45a6-b8c3-ee6346d330ec,get pros and cons summarised,functional: missing,retail-experienced,T11
Play Store,Tickertape,2024-04-06,3,Everything is fine and the app serve it's purpose very well.. but please add some sort of dark mode,https://play.google.com/store/apps/details?id=in.tickertape&reviewId=3de378d9-288c-4f71-8a46-be9c131b5f19,trust the forecast,trust: rating games,retail-experienced,T6
Play Store,Tickertape,2026-02-12,4,"…2️⃣ Intrinsic Value & Score TickerTape apna “Score” system deta hai (Performance, Valuation, Growth, Profitability, Entry Point). Quick decision ke liye helpful hai. 3️⃣ Financial Data & Ratios 10 saal ka data Peer comparison Quarterly results Shareholding",https://play.google.com/store/apps/details?id=in.tickertape&reviewId=9b29378e-a038-4390-a9b5-3d7488317215,decide quickly from a score,-,retail-experienced,PROTECT
Play Store,Tickertape,2025-03-02,4,"Tickertape is a very good app. However some developments can be made. One of which is benchmark has only BSE indexes. Along with that NIFTY can be used to compare. Also, our portfolio comparison with any index like Nifty 50 through graph is a very important update that can be made. It is available in one of the other platforms…",https://play.google.com/store/apps/details?id=in.tickertape&reviewId=3645e990-383c-452b-a108-0d3b20cd2f56,compare portfolio with Nifty,functional: missing,retail-experienced,T10
Play Store,Smallcase,2026-04-29,1,"Please provide some analytics for smallcases including most importantly for custom smallcases ... for example how the smallcases are performing in comparison to market benchmarks, portfolio beta, forecasts, etc. the portfolio analytics part is completely missing in this application. Please sincerely think about this.",https://play.google.com/store/apps/details?id=com.smallcase.android&reviewId=ed8c1b9b-3a6d-4660-a99e-36a6050a1ef8,compare a basket with a benchmark,functional: missing,retail-experienced,T10
Play Store,Smallcase,2025-11-03,2,"i sense some foulplay in your graph depiction I'm questioning the benchmark used to compare the fund's performance. The graph seems to show an unusually high outperformance compared to the market index. Could you clarify which specific index was used for comparison? Based on my analysis, the fund's performance doesn't seem to…",https://play.google.com/store/apps/details?id=com.smallcase.android&reviewId=c27c97bb-dc78-4864-a693-44a5767b487e,verify the benchmark used,trust: honesty,retail-experienced,T8
Play Store,Smallcase,2025-08-04,2,it's very difficult to understand what rebalancing means. I struggled back and forth several times today,https://play.google.com/store/apps/details?id=com.smallcase.android&reviewId=8123cc39-fb9f-4169-92b9-3e6f60b08b07,understand rebalancing,content: unclear/jargon,retail-first-time,T11
Play Store,Smallcase,2023-06-11,3,I have issues with the transparency of this app. Not all smallcases are visible to you on searching.. some smallcases are deliberately hidden and only the ones by windmill capital are promoted on the search query. I have approached their customer care 2 months back but they just are giving excuses without any change. There are…,https://play.google.com/store/apps/details?id=com.smallcase.android&reviewId=27db4530-0b5a-4d91-a136-8bc9ce1002cb,"find all smallcases, not only promoted ones",trust: honesty,retail-experienced,T4
Play Store,Smallcase,2023-09-23,3,"many features missing from app , search is very poor , we should be above to search smallcase by creators name , keyword search should be more accurate",https://play.google.com/store/apps/details?id=com.smallcase.android&reviewId=98e2e116-d962-4253-a63d-dd231b82f27a,search by creator,usability: can't find,retail-experienced,T4
Play Store,Smallcase,2025-12-09,1,worst app. there is no option for rating or giving a review of a smallcase in the app so the credibility of the smallcases is questionable because the customer can not give rating to his own smallcase . the app hangs a lot and also sends you to an external link for rebalancing of the stocks.,https://play.google.com/store/apps/details?id=com.smallcase.android&reviewId=7fee9202-0385-495a-a9de-c06265433918,judge credibility of a product,trust: rating games,retail-experienced,T6
Play Store,Smallcase,2025-02-13,3,just need a tab for more information preferably to human before subscribing to any case if any one wants it.,https://play.google.com/store/apps/details?id=com.smallcase.android&reviewId=a5bc9ea6-788e-4535-aeb9-44da548df2ba,ask a human before subscribing,functional: missing,retail-first-time,T11
Play Store,Smallcase,2024-04-14,3,The app doesn't compare CAGR of different schemes in different time frames.,https://play.google.com/store/apps/details?id=com.smallcase.android&reviewId=d7a4f49d-5287-45bd-8cf1-81b81f0c93cc,compare CAGR across schemes/time frames,functional: missing,retail-experienced,T3
Play Store,Smallcase,2024-02-12,3,"Good investment concept, but bad app design and navigation flow. Very difficult to browse through the intended information. A user can lost his way within the app. The information and user action is not categorised properly in the app. Hire an architect who understands the user experience part. Learn from zerodha app..",https://play.google.com/store/apps/details?id=com.smallcase.android&reviewId=1b3df722-d9cf-4fe9-80e0-1f6fa806e4df,browse to the intended information,usability: can't find,retail-experienced,T9
Play Store,Smallcase,2026-09-06,3,"Financial ratios of portfolio basket are removed ( PE ratio , Sharpe ratio ) which helps to compare whether the portfolio basket is expensive or performance well .",https://play.google.com/store/apps/details?id=com.smallcase.android&reviewId=f014da5a-228a-4f09-a1d1-b1cebe3a891e,judge if a basket is expensive,functional: missing,retail-experienced,T1
Play Store,Dezerv,2026-06-25,1,"I utilized this application to invest initially with a modest sum of approximately 1 lakh. The funds were automatically allocated to those that had previously demonstrated the highest returns, which is a worst algorithm .However, after a year, my returns are now in the negative. I recommend investing in direct funds after…",https://play.google.com/store/apps/details?id=com.dezerv&reviewId=c145a919-c9fd-40c4-a649-2ba7e5e426c3,invest via recommendation,trust: rating games,retail-first-time,T6
Play Store,Dezerv,2026-02-15,1,"received two portfolio recommendations from the Deserv app and found them disappointing and misleading. The first portfolio appeared diversified at a glance, but in reality it was heavily overlapping in the same large-cap stocks across multiple funds 65-70%. The second recommendation swung to the opposite extreme — it was…",https://play.google.com/store/apps/details?id=com.dezerv&reviewId=d660c50f-be90-464f-8068-975a07a56300,get a diversified recommended portfolio,trust: rating games,retail-experienced,T6
Play Store,Dezerv,2026-02-14,1,"Dezerv will call you for MF portfolio review and pull or trap you to move to PMS.. this is what they do and their managers couldn't understand the basics asset allocation and mutual funds . I went to a call today Feb 14, 11 am and all dramas than knowledgeable team takling.",https://play.google.com/store/apps/details?id=com.dezerv&reviewId=4ad925c6-9d1b-4da6-a9f7-f5501c966c9b,get a portfolio review,trust: honesty,HNI,T6
Play Store,Dezerv,2026-01-18,1,"doesn't do a single task properly. portfolio analysis algorithm is not good, marking MF giving very good returns as bad. plus the external fund update is too slow. you see data which is few days old, while apps like groww and zerodha gives latest data from previous day market closure. also the investment done via deserve is…",https://play.google.com/store/apps/details?id=com.dezerv&reviewId=7750c549-735f-44e8-b20f-b57d82607c66,trust the portfolio analysis,trust: rating games,retail-experienced,T6
Play Store,Dezerv,2025-10-29,1,This is totally disgusting app. Full of hypocrisy and fallacies as even those Funds which are beating IISL are still rated poor on their app. I'm gonna write a long post on Medium and Linked quite soon.,https://play.google.com/store/apps/details?id=com.dezerv&reviewId=cd08b201-f328-40f5-b8a7-532de9906645,reconcile a rating with index-beating returns,trust: rating games,retail-experienced,T6
Play Store,Dezerv,2025-10-16,1,it says high risk poor composition for every sectoral fund and asks us to withdraw...we know sectoral funds are risky what is new info given? this app seems pessimistic and misleading!,https://play.google.com/store/apps/details?id=com.dezerv&reviewId=22e04ae7-e02f-4f95-8ed2-617997fc38fb,learn something new from a risk flag,content: unclear,retail-experienced,T6
Play Store,Dezerv,2025-11-03,1,I thot Dezerve will give me analysis first & then do sales but at the outset they're showing me some click bait e.g. you're losing 1.2 lakh & asking 2 schedule call with Analyst (SalesRep). If honest then they should give analysis upfront if customer sees value in it then engage in person. I chatted whatsapp support & they…,https://play.google.com/store/apps/details?id=com.dezerv&reviewId=9517e79d-51d1-4d32-a2b2-525da2bf5b90,see the analysis before a sales call,trust: honesty,retail-experienced,T7
Play Store,Dezerv,2025-09-17,1,"Deceptive marketing. They are just selling their PMS service. Strange part is that the PMS is for selecting mutual funds. A quick research on coin app will give you a similar results to what they are offering for a high fee. Just a reminder, a MF typically charges .5 to .7%. These guys charge another 1% on on your invested…",https://play.google.com/store/apps/details?id=com.dezerv&reviewId=efe1f9d9-0270-47f9-ae14-73da24336e7b,judge PMS vs DIY,trust: fees,HNI,T6
Play Store,Dezerv,2024-01-13,2,"4 months back I was recommended to exit a fund, but now it is asking me to hold same fund. Is this app for trading or investing. If I have to do this then I will rather buy stocks instead of funds",https://play.google.com/store/apps/details?id=com.dezerv&reviewId=17079fdb-313e-47fc-9262-2293ba2d75ca,act on exit/hold advice,trust: rating games,retail-experienced,T6
Play Store,Dezerv,2026-03-20,2,"Compared to other apps, this one provides suggestions or allows investmenting through them, only if your investment amount is minimum of 50L. what about beginners then? monitoring is name sake as of now and they will suggest you to use their additional wealth monitoring app which has the same monitoring features of dezerv.…",https://play.google.com/store/apps/details?id=com.dezerv&reviewId=ce37a0db-9cfc-40e3-91fb-ecdf0c5957f9,get suggestions below ₹50L,trust: fees,retail-first-time,T7
Play Store,Dezerv,2026-01-23,2,"PowerUp money offers far better analysis. This app is not concerned about the health of your portfolio, rather, it is more interested in switching your funds to preffered AMCs.",https://play.google.com/store/apps/details?id=com.dezerv&reviewId=28ac54c4-7bdf-46b4-b75e-09a67121f25c,trust switch suggestions,trust: honesty,retail-experienced,T6
Play Store,Dezerv,2026-05-20,3,"Insights about our portfolio is useful especiallu with various ratios, equity-debt analysis. but it doesnt have a list of best performing funds category wise. It didn't give a best replacement for underperforming funds and it leads you to their dezerv portfolio which it claims to be superior to yours (they offer PMS). its good…",https://play.google.com/store/apps/details?id=com.dezerv&reviewId=c7db8c86-a412-4a1d-93d6-e781fe20fb31,find best funds category-wise and a replacement,functional: missing,retail-experienced,T2
Play Store,Dezerv,2025-01-20,3,"App is user-friendly, offers high-quality diverse funds, and reflects investments accurately in MF Central. Areas for improvement: 1) Lack of benchmark comparison for Dezerve-recommended funds. 2) No tracking of invested amount in each fund, only showing current value. 3) Tech support provides templated responses, lacking more…",https://play.google.com/store/apps/details?id=com.dezerv&reviewId=e341cebd-f416-41ec-ab01-e355d5a24849,compare recommended funds vs benchmark,functional: missing,retail-experienced,T10
Play Store,Dezerv,2023-08-17,3,…Its a Blackbox. You have to interact with a human on Whatsapp for pretty much everything. Beats the point of a digital app. The only good thing they did was to update the Portfolio after the taxation change on debt funds. Will wait and watch. Doesn't give you confidence to invest more,https://play.google.com/store/apps/details?id=com.dezerv&reviewId=7a24cf8c-7002-4ccc-951a-930a96222fcd,see fund-wise details,functional: missing,retail-experienced,T1
Play Store,Dezerv,2026-06-04,5,I like the app because it keeps analysing my investments . it's better than what I could do with just a portfolio view.,https://play.google.com/store/apps/details?id=com.dezerv&reviewId=cf751138-dc16-4266-94d5-2f61e16ae167,"get ongoing analysis, not only a view",-,retail-experienced,PROTECT
Play Store,Wealthy Partner,2023-03-05,1,…If partner himself is not convinced then how can he convince his clients at all. R.M is simply enforcing for partner self investment if we do not get any client.. R.M is enforcing for immediate investment self or family or client on same day of app installing n post kyc. This is not atall agreeable. R.M is not answerable then he…,https://play.google.com/store/apps/details?id=in.wealthy.android.advisor&reviewId=b7c48d7e-27db-4cd3-aab7-3652e534eaf5,convince a client with research,trust: honesty,MFD,T12
Play Store,Wealthy Partner,2024-10-13,2,NEED WATCHLISTS OPTIN TO TRACK AND RECOMMEND PREFERRED ITEMS. So please add it soon in the application. VERY LAGGING APP. TAKES TOO MUCH TIME TO LOAD A PAGE. PLEASE IMPROVE IT ASAP.,https://play.google.com/store/apps/details?id=in.wealthy.android.advisor&reviewId=044b67b8-850e-4567-9dc9-ea93c099b96f,track and recommend preferred funds,functional: missing,MFD,T12
Play Store,Wealthy Partner,2025-06-27,3,"Require notification of every SIP on date. वेबसाईटवर आणि मोबाईल अँपवर mutual funds compare करता येत नाही आणि उपलब्ध रेटिंग नुसार, AUM नुसार, निवडलेल्या कालावधीच्या रिटर्न नुसार चढत्या - उतरत्या क्रमाने अरेंज करता येत नाहीत. Mutual fund ची माहिती बघत असताना त्यात बेंचमार्क comparison मध्ये त्या फंडच्या बेंचमार्क सोबत comparison…",https://play.google.com/store/apps/details?id=in.wealthy.android.advisor&reviewId=0659db53-4f39-4e26-86cf-85b8cc517e9e,compare funds and sort by rating/AUM/returns for clients,functional: missing,MFD,T3
Play Store,Wealthy Partner,2023-07-27,5,Wealthy's expert research support has been invaluable in my decision-making process. Their market insights and investment updates keep me informed and help me provide informed recommendations to my clients. It's like having a team of researchers right at always available to me.,https://play.google.com/store/apps/details?id=in.wealthy.android.advisor&reviewId=666fe5dd-d48c-440c-ad0f-8f8db28d395a,make informed recommendations to clients,-,MFD,PROTECT
Play Store,Wealthy Partner,2023-07-12,5,The expert research support provided by the Wealthy Partner App is invaluable. It helps me make informed investment decisions and provides the necessary data to support my recommendations.,https://play.google.com/store/apps/details?id=in.wealthy.android.advisor&reviewId=72b26c0f-5bbf-4ca0-8e7c-19c867b6bc82,back a recommendation with data,-,MFD,PROTECT
Play Store,NJ E-Wealth,2025-10-29,1,not able to give comprehensive information about investment as grow app gives. I am planning to divert on grow from NJ app,https://play.google.com/store/apps/details?id=com.fin.onlinetrading&reviewId=86304d8b-f388-43df-a500-2b4205fab265,get comprehensive fund information,functional: missing,retail-experienced,T1
Play Store,NJ E-Wealth,2025-10-05,1,not at par level..no insights stats available..very very less information about funds..not recommended,https://play.google.com/store/apps/details?id=com.fin.onlinetrading&reviewId=028af144-5397-40ed-8f8c-b5b820ea5469,see fund stats,functional: missing,retail-experienced,T1
Play Store,NJ E-Wealth,2025-08-28,2,NJ app shows the higher expense ratio of the same mutual funds on other online platforms such as groww app.,https://play.google.com/store/apps/details?id=com.fin.onlinetrading&reviewId=d0730e0b-d0d7-48c2-b38f-e3b0788ea2e3,compare expense ratio with a direct app,trust: fees,retail-experienced,T8
Play Store,NJ E-Wealth,2025-03-11,1,"I think there is need to upgrade ur tech. Team . App is so boaring and ur dashboard is not good . Pls upgr6 ur it team whenever there is hard compitition in the mkt and ur it team is good sleeping 😴 tere is so many issue no basket , no wathlist ,no comparison etc",https://play.google.com/store/apps/details?id=com.fin.onlinetrading&reviewId=6ff4ac35-d0aa-429c-9d44-7a70156af992,"build a basket, watchlist, compare",functional: missing,retail-experienced,T3
Play Store,NJ E-Wealth,2022-09-08,2,There is scope for further improvement in the fund filter in the fund purchase section.. That you can give additional tap button with fund filter like (1)fund with best return (2) index fund (3)elss fund (4)dabt fund,https://play.google.com/store/apps/details?id=com.fin.onlinetrading&reviewId=33e58609-9249-437b-a3ee-b89ea8c68118,filter funds while purchasing,functional: missing,retail-experienced,T5
Play Store,NJ E-Wealth,2022-02-10,2,"This app does not show professional stats of funds viz expense ratio, exit load, past performance etc. A transaction takes more than 4 to 5 days for finalisation. Admin needs to wake up and do a lot of works.",https://play.google.com/store/apps/details?id=com.fin.onlinetrading&reviewId=6250df4c-a61f-4ff7-85c4-e37d9cee9ec9,"see expense ratio, exit load, past performance",functional: missing,retail-experienced,T1
Play Store,NJ E-Wealth,2021-09-30,3,"Please add search option for searching mutual funds and stocks. Also add the full details like direct or regular plan, expense ratios etc.",https://play.google.com/store/apps/details?id=com.fin.onlinetrading&reviewId=cc49eaa2-4e85-4b82-bbb6-02eee3d4470f,search funds and see direct/regular,functional: missing,retail-first-time,T4
Play Store,NJ E-Wealth,2024-11-14,4,"…# Dashboard does not show quick report for annulised growth % # Comparitive analysis is not available. Graphs of periodic growth is not available. # No option to sort basis on capital gains, ann. returns. etc. # Add the networth kind of report, available in client desk, in this app with sorting order options. Please add in these…",https://play.google.com/store/apps/details?id=com.fin.onlinetrading&reviewId=77e0bae3-dbcd-48df-8e2d-da1f069e1d8b,compare and sort by returns,functional: missing,retail-experienced,T3
Play Store,AssetPlus Partner,2026-04-11,1,"very Lil progres only a part of asset allocation shown that too it says equity no mention of mid large or small , still no intelligence metrics for patterns include % change at portfolio level instead of absolute nos. Show % level of asset allocation under the fund holdings instead of absolute nos. For many funds your holding…",https://play.google.com/store/apps/details?id=in.assetplus.partner&reviewId=0b9c9d5c-31e6-4070-809b-a03034c7bb17,read a client's cap split and holdings allocation,trust: honesty,MFD,T12
Play Store,AssetPlus Partner,2022-08-20,1,"Installed and sucessfully login. Client also added with PAN but portfolio of the client not showing although client has various mf investments across the MFs. How this app supports MFDs in maintaining business, could not understand.",https://play.google.com/store/apps/details?id=in.assetplus.partner&reviewId=ef571dee-b46e-4992-806d-31de6ad21aec,see a client's external MF portfolio,functional: broken,MFD,T12
Play Store,Prudent Partner Desk,2018-04-28,3,"Under valuation report. Their is no mention of NAV while going through summary of client. Can u also link prudent fin tools to summary of client, whereby we can directly have performance report of particular scheme.",https://play.google.com/store/apps/details?id=com.prumob.mobileapp&reviewId=6ba01d1d-6972-4b96-b7a2-b628907d8d28,open a scheme performance report from the client summary,functional: missing,MFD,T12
Play Store,Prudent Partner Desk,2020-09-19,3,"Details of commission paid need to be easily displayed & explained for all the products. Secondly, please do not assume that users are computer / technology savvy or familiar. Your handholding is required to some of them.",https://play.google.com/store/apps/details?id=com.prumob.mobileapp&reviewId=7354880c-c90f-48c1-9197-2eb21967fa9c,see and explain commission per product,content: unclear,MFD,T12
Play Store,Prudent Partner Desk,2022-01-04,2,Can be more ease to use and understand ...Menu naming convention is very hard make it simple,https://play.google.com/store/apps/details?id=com.prumob.mobileapp&reviewId=e5041022-e616-4c43-83d0-8a29b78c51bb,navigate the menu,content: unclear/jargon,MFD,T11
Play Store,Prudent Client Desk,2025-12-24,1,"Recently, I updated the application and I am very disappointed with the changes. The entire interface has been completely redesigned, and unfortunately, it has made navigation more complicated. It is now very difficult to find individual portfolio performance. Viewing an individual SIP performance report requires two to three…",https://play.google.com/store/apps/details?id=com.ccdprumob.mobileapp&reviewId=9673be63-643a-4257-a60e-d9339c9dd68b,check an individual SIP's performance,usability: can't find,retail-experienced,T9
Play Store,NJ Client Desk,2021-05-19,2,Very Basic App.. Can't do any research from the app.. No Comparisons available nor fund overall performance not available.. Only need to be dependent on financial advisor. Also app should give daily update fund wise in percentage terms i. e. The fund should show daily gain/loss. OK App,https://play.google.com/store/apps/details?id=com.fin.mclientdesk&reviewId=42b10a95-378e-44a1-8bfc-fb5b3cddb6ae,research and compare funds independently of the advisor,functional: missing,retail-experienced,T3
Play Store,NJ Client Desk,2021-07-16,2,Please make this app quick to browse and transact with comparitive analysis reports like etmoney app. I am a regular investor of nj amd need a better app... Present app is just basic.,https://play.google.com/store/apps/details?id=com.fin.mclientdesk&reviewId=988c01ad-b6ee-484e-b219-a55a74696173,see comparative analysis reports,functional: missing,retail-experienced,T3
Play Store,NJ Client Desk,2026-06-23,2,why hsbc midcap showing 3.59 percent expense ratio. this app is giving misleading information,https://play.google.com/store/apps/details?id=com.fin.mclientdesk&reviewId=81113d8d-20e3-4284-ac25-736d115ca557,trust the expense ratio shown,trust: honesty,retail-experienced,T8
Play Store,NJ Client Desk,2018-12-16,3,It should suggest which should be the alternative funds where better growth can be achieved. The nav report should capture trending information,https://play.google.com/store/apps/details?id=com.fin.mclientdesk&reviewId=f68863ab-17e3-4502-aacb-d68dcbbf0534,find an alternative fund with better growth,functional: missing,retail-experienced,T2
Play Store,NJ Client Desk,2018-12-11,3,…Also there should be the lost of top performing funds in different category. This could be more beneficial for the investors. You may add a section for recommendations from the key opinion leaders to help the investors know their views..,https://play.google.com/store/apps/details?id=com.fin.mclientdesk&reviewId=8eff057f-8a5f-4366-b252-97870e8017a3,see top performers per category and expert views,functional: missing,retail-experienced,T2
Play Store,MFCentral,2025-11-25,2,Very poor interface. It's good that everything is under one umbrella but at the same time It's very difficult to search and tally among the fund houses to choose a new fund. And for last several months there's no significant improvement in this app. Developers must work on user-friendliness,https://play.google.com/store/apps/details?id=com.mfcentral.app&reviewId=fc155293-5f57-4f28-9152-b194a210caa7,search and compare across fund houses to choose a new fund,usability: can't do,retail-experienced,T4
Play Store,MFCentral,2026-05-05,1,1. NO YESTERDAY GAIN/LOSS 2. NO SEPARATE CLASS TO TRACK ELSS FUNDS IN ASSET CLASS WISE DETAILS 3. NO XIRR DETAILS 4. NO SORTING AVAILABLE IN FUND SEARCH 5. NEED TO RE LOGIN FREQUENTLY 6.IN UPI PAYMENTS INSTEAD OF PASTING ADDRESS DIRECT UPI APP REDIRECTION TO BE GIVEN,https://play.google.com/store/apps/details?id=com.mfcentral.app&reviewId=bdb04fe7-915e-44ee-a49f-8e0764925aa4,sort in fund search,functional: missing,retail-experienced,T5
Play Store,MFCentral,2026-08-15,2,"Maha ghatiya app. it doesn't hold any old choices, always filters reset needed. It doesn't give any info about XIRR. Most irritating part is not retaining filter and preferences. Though one functionality really helped me with this which is no where online available was portfolio consolidation. Thank you for that, rest needed…",https://play.google.com/store/apps/details?id=com.mfcentral.app&reviewId=21a42e09-013f-4ea4-8fd1-ace8ce690ee3,keep filters while browsing,functional: broken,retail-experienced,T5
Play Store,MFCentral,2025-10-15,2,"Whenever I go back to check different funds it takes me back to the top. I again have to scroll all the way down to search the fund I last checked. What the hell is wrong with the functionality of this app, why is it so complicated. UI could be much much better as well.",https://play.google.com/store/apps/details?id=com.mfcentral.app&reviewId=d7cfeb2f-6456-4846-b579-70fd1a9b5c46,check several funds in a row,usability: can't do,retail-experienced,T5
Play Store,MFCentral,2024-06-12,3,"…Direct and Regular plans of Mutual funds showing simultaneously, even after filtering or selecting the only direct plans of mutual funds. This App really needs of new updates at regular intervals. CAMS and KINFINTECH should enhance the quality of the App and make more user friendly.",https://play.google.com/store/apps/details?id=com.mfcentral.app&reviewId=08900fe9-9229-457e-bc66-5a059d74a972,filter to direct plans only,functional: broken,retail-experienced,T5
Play Store,MFCentral,2026-01-12,3,No information about expense ratio of all mutual fund only exist load information is available kindly add expense ratio information too for making it a Better App,https://play.google.com/store/apps/details?id=com.mfcentral.app&reviewId=cd12cf60-b29c-4e95-b05d-80b4d4c21e5e,see expense ratio,functional: missing,retail-experienced,T1
Play Store,MFCentral,2025-09-21,3,please have an option to analyse portfolio . and suggest new funds over old funds if fund is underperforming. introduce new options for xxir and other info also. need work on this.,https://play.google.com/store/apps/details?id=com.mfcentral.app&reviewId=46cf5668-b898-45e8-bb7c-0b761fc461b8,get a replacement for an underperformer,functional: missing,retail-experienced,T2
Play Store,MFCentral,2026-04-15,4,"…Also the search for a MF requires complete name to be typed e.g. if icici nasdaq is typed then no results, you need to input exact AMC name and then nasdaq. The track status feature should show date in the overview screen itself",https://play.google.com/store/apps/details?id=com.mfcentral.app&reviewId=df9c3925-5819-4695-84d0-6a8d4946d08f,search by partial name,usability: can't find,retail-experienced,T4
Play Store,MFCentral,2024-08-10,4,Using this app for last few months. The UI is very good. I am getting almost all details of my MF holding. Some suggestions. 1. An option to view the performance the mutual funds. 2. An option to compare mutual funds and its performance.,https://play.google.com/store/apps/details?id=com.mfcentral.app&reviewId=7691717c-5695-460e-a440-d34284f51c23,sort by high return,functional: missing,retail-experienced,T5
Play Store,MFCentral,2024-07-02,4,"Useful app that shows all MF holdings at one place, any time. App would be even more useful if 1. equity MFs could be arranged by category : large cap, small cap etc. 2. down loads could be in .xls format enabling analysis by users. 3. download should be protected by PAN number for confidentiality.",https://play.google.com/store/apps/details?id=com.mfcentral.app&reviewId=9f07cab5-fdd0-4a32-b5e5-d903a94670d4,arrange holdings by category,functional: missing,retail-experienced,T5
Play Store,goMF (MFU),2024-02-03,1,It lacks many features like portfolio gain or loss on each schemes. Searching of schemes for new investment is totally absent.performance track of schemes invested or any is also missing. This incourage people to move other platform.,https://play.google.com/store/apps/details?id=com.intellect.mfu&reviewId=3b28227e-9abf-4073-821d-62d5c8bf2b39,search schemes for a new investment,functional: missing,retail-experienced,T4
Play Store,goMF (MFU),2019-10-27,2,"There shoud be given actual investment, charts to compare return against bench mark and annual return a schemen has given. Only current value is not much useful.",https://play.google.com/store/apps/details?id=com.intellect.mfu&reviewId=4f192506-c8ea-4acd-8c9a-654417bf5d89,compare returns against benchmark,functional: missing,retail-experienced,T10
Play Store,goMF (MFU),2023-06-05,1,One of the worst apps I have ever see or faced. It is complicated and not at all user-friendly. The terms used here should be conventional and easy to understand. Concerned authority is pls look into the matter.Make it as simple as possible. Make the dashboard longer and clear. Monimise sub-branches of an option.,https://play.google.com/store/apps/details?id=com.intellect.mfu&reviewId=f0ae1833-3424-42a1-9ac4-9992c2365f1e,understand the terms used,content: unclear/jargon,retail-first-time,T11
Play Store,goMF (MFU),2021-08-26,3,"Lot of improvements can be brought. Gold fund is tagged as Debt, ideally category should be commodities",https://play.google.com/store/apps/details?id=com.intellect.mfu&reviewId=40d2417c-79c4-46be-acc7-60234204484f,see funds in the right category,trust: honesty,retail-experienced,T8
Reddit r/mutualfunds,(community),2026-08-02,,"MFs comparison data is a scam ? :: …The numbers (especially expense ratio) are different across almost every platform. Then I went to the official Nippon India AMC website to verify. Their Direct Plan expense ratio was different from what Groww showed (around a 1% difference), and to make it worse, the page I found seemed to show a “l…",https://www.reddit.com/r/mutualfunds/comments/1vdfj0i/mfs_comparison_data_is_a_scam/,compare small-cap funds across platforms,trust: honesty,retail-experienced,T8
Reddit r/mutualfunds,(community),2025-07-17,,"Variation of fund ratios in different websites :: …**Which one to trust?** I have noticed this on several stocks as well. Screener and tijori have their differences. **Which websites do you guys rely on?** I generally look up to rupeevest (shows only funds as per regular and not direct), moneycontrol, valueresearch.",https://www.reddit.com/r/mutualfunds/comments/1m202j0/variation_of_fund_ratios_in_different_websites/,find a sectoral fund using ratios,trust: honesty,retail-experienced,T8
Reddit r/mutualfunds,(community),2024-06-11,,"why there is no proper screener site for mutual fund? :: …i don't understand terms like contra, flexi, momentum, etc where can i learn all these terms? i want a fund which can basically find momentum in nifty 50, midcap and try to ride it i have zerodha and dhan app. if i am not sure which is best method to buy a mutual fund? if i buy from these brokers or…",https://www.reddit.com/r/mutualfunds/comments/1dd72zx/why_there_is_no_proper_screener_site_for_mutual/,"see NAV chart, charges, compare, understand terms",functional: missing,retail-first-time,T11
Reddit r/mutualfunds,(community),2025-05-16,,"Looking for a MF screener app :: Hey everyone, I’m on the lookout for a good mutual fund screener app-free or paid-that lets me filter schemes with ease. Here’s what I’m hoping for: * Covers all mutual funds available in India * Includes all the key filters for smart selection * Shows accurate and up-to-date data * Affordable,…",https://www.reddit.com/r/mutualfunds/comments/1knvdek/looking_for_a_mf_screener_app/,filter schemes with a screener app,functional: missing,retail-experienced,T5
Reddit r/mutualfunds,(community),2026-06-07,,"Best website to track mutual funds :: …I must not be comparing apples to apples, maybe. Lastly, are trailing returns the best indicator for tracking mutual fund returns? Thank you.",https://www.reddit.com/r/mutualfunds/comments/1tyxynv/best_website_to_track_mutual_funds/,"compare own funds to category, reconcile return numbers",trust: honesty,retail-experienced,T8
Reddit r/mutualfunds,(community),2026-06-07,,"large cap trailed Nifty 9 of 10 years :: …Was doing a 10k/month SIP for almost 5 years before I even looked at the numbers properly. Didn't occur to me to compare against TRI instead of the regular Nifty index, which made the gap look smaller than it actually was. Moved to a direct index fund at 0.1% TER. This fund was on every ""best large…",https://www.reddit.com/r/mutualfunds/comments/1tzf902/large_cap_trailed_nifty_9_of_10_years/,check a held fund against its benchmark,functional: missing,retail-experienced,T10
Reddit r/mutualfunds,(community),2026-05-02,,"Am I thinking about this right? HDFC Small Cap vs Nippon Small Cap — the return source matters more than the return number :: …Most people stop there and pick Nippon. But I looked at the actual portfolio composition here below in screenshots. Nippon Small Cap holds a meaningful proportion of large cap stocks alongside its small cap allocation. So when you see those higher returns, you have to ask — how much of that is actua…",https://www.reddit.com/r/mutualfunds/comments/1t1x3nj/am_i_thinking_about_this_right_hdfc_small_cap_vs/,choose between two small caps beyond raw returns,content: too many numbers,retail-experienced,T2
Reddit r/mutualfunds,(community),2026-08-23,,₹50–55k monthly surplus — how should I start SIPs? :: …I want to start SIPs but I'm confused about how to choose funds. Risk Profile - Moderate to High maybe Investment Horizon - Long Term Would appreciate advice on: * How much **emergency fund** should I build first? * How much of my surplus should go into SIPs? * Is a **Nifty 50/Sensex index fund** en…,https://www.reddit.com/r/mutualfunds/comments/1vw9los/5055k_monthly_surplus_how_should_i_start_sips/,choose funds to start SIPs,usability: can't do,retail-first-time,T2
Reddit r/mutualfunds,(community),2026-03-31,,Good Mutual Funds for SIP :: I am 21 yo and very beginner in investing (ETFs so far). I'm really looking for some good mutual funds for comparison. I would like to start SIP asap and looking to invest for a longer period of time. Help me finding some funds to compare and my find good one for me!!,https://www.reddit.com/r/mutualfunds/comments/1s8s8ow/good_mutual_funds_for_sip/,find funds to compare,usability: can't find,retail-first-time,T3
Reddit r/mutualfunds,(community),2026-04-10,,"I made an app to analyse mutual funds :: I wanted to compare mutual funds and their return statistics, couldn't find any website that did what I wanted so I created my own app.",https://www.reddit.com/r/mutualfunds/comments/1shp92t/i_made_an_app_to_analyse_mutual_funds/,compare funds' return statistics,functional: missing,retail-experienced,T3
Reddit r/mutualfunds,(community),2026-09-12,,"i read and learnt a lot, thanks but I would really want suggestions regarding specific debt fund as I'm just really confused which one to finalize from all",https://www.reddit.com/r/mutualfunds/comments/1wef401/debt_fund/p9ez0f3/,finalise one debt fund from all,usability: can't do,retail-first-time,T2
Reddit r/mutualfunds,(community),2026-09-01,,First mistake - Choosing funds based on past returns only. Second mistake - Too many funds which creates so much overlapping.,https://www.reddit.com/r/mutualfunds/comments/1w3xsi0/meagre_returns_need_help/p74isdj/,pick funds,trust: rating games,retail-experienced,T6
Reddit r/mutualfunds,(community),2026-09-02,,"Value Research ratings are based on returns alone. Since the performance of this fund hasn't been good, it got downgraded. Their advisory services continue to recommend 3-5 star funds. This is a confusion I had as well before they cleared it up.",https://www.reddit.com/r/mutualfunds/comments/1w55dcz/why_am_i_not_surprised_that_parag_parikh_flexi/p7cipk4/,reconcile a rating downgrade with advice,content: unclear,retail-experienced,T6
Reddit r/mutualfunds,(community),2026-09-02,,"I will say only VR lost credibility of its ranking. If they are gonna change rating based on 2-3 year performance, than why keep harping a out long term, rational expectations etc. They are behaving like market is casino and PP is kind of loser. 7-10 years down the line PP might end up behind benchmark and than One should qeustion there methodology. Not in…",https://www.reddit.com/r/mutualfunds/comments/1w55dcz/why_am_i_not_surprised_that_parag_parikh_flexi/p7chr79/,trust a rating over time,trust: rating games,retail-experienced,T6
Reddit r/mutualfunds,(community),2026-09-02,,I don't think anyone invest in a fund by seeing ratings. Like All the index funds are at 1 or 2 star ratings RN and people are still Siping in them.,https://www.reddit.com/r/mutualfunds/comments/1w55dcz/why_am_i_not_surprised_that_parag_parikh_flexi/p7ch9uu/,use star ratings to pick,trust: rating games,retail-experienced,T6
Reddit r/mutualfunds,(community),2026-05-09,,…I had a similar confusion few days ago. Attaching the link of my post below for detail explanation https://www.reddit.com/r/mutualfunds/s/SzGIs8sWF8,https://www.reddit.com/r/mutualfunds/comments/1t845it/wtf_bandhan_small_cap_direct_fund/oktg96t/,compare expense ratio across apps,content: unclear,retail-experienced,T8
Reddit r/mutualfunds,(community),2026-07-15,,"…I understand this is meant to make things more transparent, but it has largely led to confusion because you can't compare funds on the basis of TER anymore, and base expense ratios are hard to dig out.",https://www.reddit.com/r/mutualfunds/comments/1uws1o3/higher_expense_ratio_on_groww/oxlogua/,compare funds on TER,content: unclear,retail-experienced,T8
Reddit r/mutualfunds,(community),2026-08-15,,"This portfolio is being chosen based on past returns and 5* rating on brokerage apps. If you open any brokerage app, they show these as best performing funds just like pre-covid same apps were showing Mirae asset and Axis MF as best performing funds. These recommendations will keep changing every few years.",https://www.reddit.com/r/mutualfunds/comments/1vortrj/why_do_people_hold_parag_parikh_flexi_cap_and_a/p3s3mhn/,pick from an app's best-performing list,trust: rating games,retail-experienced,T6
Reddit r/IndiaInvestments,(community),2026-09-11,,"Built this because most ranking sites compare funds that have no business being compared — a small cap at 22% CAGR stacked next to a large cap at 14% and called the better fund. It scores every Indian equity fund 0-100 against its own category peers only, from returns, Sharpe and Sortino, alpha, beta, volatility and cost. Risk stats come from AMFI daily NAV…",https://www.reddit.com/r/IndiaInvestments/comments/1v3dfae/show_ii_promotional_content_thread_for_july_2026/p9706sp/,compare funds across categories,trust: rating games,retail-experienced,T2
Reddit r/mutualfunds,(community),2026-08-02,,"I was once recommended Samco Flexi by a known friend and MF advisor. Samco rarely leaves bottom of the table in any period. When I pushed he admitted that apart from better commissions, these lesser known fund houses give out one time gifts for every customer they land and they even have trips and hotel stays for top performers..",https://www.reddit.com/r/mutualfunds/comments/1vdg06i/why_do_local_portfolio_managers_suggest_unpopular/p18p6fb/,act on an advisor's recommendation,trust: honesty,retail-experienced,T12
Reddit r/mutualfunds,(community),2026-08-02,,"The structure is such that Advisor will always tell the investor that his services are free. He'd never directly charge you for all his work, will even give you a portal to see your portfolio and make transactions. The fund house will give him a cut every time your SIP reaches them. Hence direct plans and regular plans have a 0.5 to 1% difference, this is…",https://www.reddit.com/r/mutualfunds/comments/1vdg06i/why_do_local_portfolio_managers_suggest_unpopular/p18r0mx/,understand what the advisor costs,trust: fees,retail-experienced,T12
Reddit r/mutualfunds,(community),2026-08-27,,"What you said is right, and I have to add that it is difficult to trust MFD because of the commissions involved, and majority of them are not good advisors",https://www.reddit.com/r/mutualfunds/comments/1vz52ae/why_i_dont_see_the_point_of_mutual_fund/p651ou6/,trust an MFD's recommendation,trust: honesty,retail-experienced,T12
Reddit r/mutualfunds,(community),2026-04-14,,"I think you broker collected funds like pokemon, consolidate it. \- too many funds, mostly you should be having within 4 or 5 at max \- no debt allocations, are you serious with 100% equity folio? you might be okay with this if you maximum pf and ppf contribution, still i would recommend having some debt / arbitrage funds(in case you are on 30% tax bracket)…",https://www.reddit.com/r/mutualfunds/comments/1skbuw3/help_me_analyse_and_improve_my_mf_portfolio/og5a02e/,review an advisor-built portfolio,trust: honesty,retail-experienced,T12
Reddit r/mutualfunds,(community),2026-03-17,,"It looks like a disaster. You have way too many funds and thematic/sectoral funds. It seems that your CA selected the ones in which he/she would get max commission. Stop all Regular plans, thematic/sectoral funds and switch to Direct plans. Add multi asset funds for asset allocation, if you already have then ignore this sentence.",https://www.reddit.com/r/mutualfunds/comments/1rwgo77/need_review_of_my_mutual_fund_portfolio_managed/ob0yec4/,review an advisor-built portfolio,trust: honesty,retail-experienced,T12
Reddit r/mutualfunds,(community),2026-09-11,,>Change your advisor. He doesn't know how to research. Mind elaborating? Is it not a good fund? How do research for one?,https://www.reddit.com/r/mutualfunds/comments/1wcbr7o/bandhan_small_cap_fund/p94baje/,research a fund the advisor picked,content: unclear,retail-first-time,T2
Reddit r/IndiaInvestments,(community),2026-08-21,,"…After reviewing my existing portfolio, they aggressively marketed their PMS by claiming my direct mutual fund investments were leaving a 1–2% additional alpha on the table. They pitched it as a superior model because it builds structured portfolios using mutual funds rather than stocks. The fee structure was sold to me as a win-win model. The representative…",https://www.reddit.com/r/IndiaInvestments/comments/1ndew8n/deep_dive_reviewing_dezerv_pms_agreement_seeking/p509mzp/,evaluate a PMS pitch after a portfolio review,trust: fees,HNI,T6
Reddit r/IndiaInvestments,(community),2026-07-25,,"…Turns out HDFC Flexi Cap + Mirae Asset had 68% overlap. I was essentially paying 3 expense ratios for 1.3 portfolios. Built a free tool to check this — leveliq.in It shows overlap between funds, sector concentration, and gives a portfolio health score (0-100). Not SEBI registered, no tips, pure analytics. Would love feedback from this community!",https://www.reddit.com/r/IndiaInvestments/comments/1usx6ea/behavioral_bias_the_keynesian_beauty_game/ozqnmq3/,check overlap of own funds,functional: missing,retail-experienced,T10
Reddit r/mutualfunds,(community),2026-09-10,,"…Last - yes I do not have conviction on future performance. Because my research is largely based on past performance, sharpe, Std deviation risk factors. But a lot of things change. Fund managers change. And I do not have sectorial views (which is why I'm investing in MFs and not stocks). So I have conviction on past research but as they say - that is not an…",https://www.reddit.com/r/mutualfunds/comments/1wci56z/rebalancing_an_8_digit_equity_mutualfund/p8y9llf/,build conviction for an 8-digit equity book,content: too many numbers,HNI,T2
Reddit r/mutualfunds,(community),2026-05-20,,…On ₹50L+ portfolio that's ₹1L+/year silent bleed. Not visible until review. That's the real problem — not overlap. 30+ funds also means zero conviction tracking. You can't seriously monitor 30. At 7 you actually know your portfolio. ELSS: Locked until Jan 2026 anyway. Stop SIPs. Let them run. International: Valid concern on SIP closures. But 7 is excessive.…,https://www.reddit.com/r/mutualfunds/comments/1tijjxh/started_investing_in_dec_2023_now_holding_30/omvrzxr/,see cost drag on a ₹50L+ portfolio,content: missing numbers,HNI,T8
Reddit r/mutualfunds,(community),2026-08-04,,"…Sorry if it's a lot I have been super confused doing so much research on different ai, youtube and morningstar but it still feels like a guess. You should be much more helpful seeing your response. Currently I came down to 40 percent mid cap 40 percent small cap and 20 percent in flexicap parag parikh which is bloated and acts as a large cap anyways for smal…",https://www.reddit.com/r/mutualfunds/comments/1ve2q9m/please_review_my_portfolio/p1mmyby/,choose small-cap and allocation after much research,content: too many numbers,retail-first-time,T2
Reddit r/mutualfunds,(community),2026-04-08,,"…When I open a fund, I am not able to determine which date the displayed NAV corresponds to.",https://www.reddit.com/r/mutualfunds/comments/1sfjrk9/rip_kuvera/of30qc2/,know which date a NAV is as of,trust: honesty,retail-experienced,T8
Reddit r/mutualfunds,(community),2026-09-11,,"…Before considering a change, I would evaluate the fund on a longer-term basis — **rolling returns against its benchmark/category, consistency across market cycles, portfolio strategy, fund-manager changes, portfolio concentration and overlap with your existing investments**. A SIP also needs to be viewed differently from a lump-sum investment because you are…",https://www.reddit.com/r/mutualfunds/comments/1wd3x5h/which_flexi_cap/p95fe7c/,decide whether to switch a flexi cap,-,RIA,T10
Reddit r/mutualfunds,(community),2026-08-09,,…Mfs should be selected based on 5-10 year rolling performance vs benchmark then performance vs category peers then portfolio liquidity then changes in portfolio concentration and whether the fund is consistently lagging its benchmark after expenses With 15-20 years horizon i wouldn’t keep changing funds bcz of AUM concerns Your goal is lower volatility and m…,https://www.reddit.com/r/mutualfunds/comments/1vjh5cq/help_me_select_a_flexi_cap_fund_parikh_hdfc_flexi/p2liwin/,select a flexi cap for the long term,-,RIA,T10
Reddit r/personalfinanceindia,(community),2026-09-15,,"start investing 1000 in a mutual fund. Goal is habit formation. Once you start earning, you can increase the amount. Get AI's help if you feel confused when trying to filter which mutual fund you should begin with.",https://www.reddit.com/r/personalfinanceindia/comments/1wgxf1w/how_should_i_invest/p9xz661/,filter which fund to begin with,-,retail-first-time,T2
Reddit r/IndiaInvestments,(community),2026-08-08,,"…With the help of ChatGPT, I ended up looking at: * Trailing CAGR * Rolling returns (monthly) * Volatility, Sortino, Beta and downside capture * Maximum drawdowns and recovery * Rolling SIP returns * Top-10 holdings overlap I also used ChatGPT/Codex to shortlist the funds based on my requirements and to help build out the analysis. The analysis was genuinely…",https://www.reddit.com/r/IndiaInvestments/comments/1v3dfae/show_ii_promotional_content_thread_for_july_2026/p2f3nc9/,shortlist funds beyond 3/5/10-year returns,-,retail-experienced,T3
Reddit r/mutualfunds,(community),2026-08-25,,"…Somehow if you plainly ask which is best it will recommend Nippon/Bandhan, but if you ask chatgpt in depth and make it compare against these options it will say actually BOI is better due to lower AUM and agility etc The main point is - the notion of patience and cyclic performance periods doesn't hold when MF AUM bloats too much, because 2-3y ago when Bandh…",https://www.reddit.com/r/mutualfunds/comments/1vw63wa/hidden_underrated_smallcap_fund/p5s1krx/,ask which fund is best,content: unclear,retail-experienced,T2
Reddit r/mutualfunds,(community),2026-07-21,,"…However, there are too many funds, check overlap and simplify to 4-5 funds max, particularly considering multi-cap or flexi cap funds are already included and provide diversification. Using distributor platform will include higher expense ratio (direct plans can be used). Also, if you're investing via a distributor, consider direct plans and pay the advisor…",https://www.reddit.com/r/mutualfunds/comments/1uzu2ma/sip_for_10_years_help_review_portfolio/oyt7qh5/,simplify an overlapping portfolio,functional: missing,retail-experienced,T10
Reddit r/mutualfunds,(community),2026-08-24,,…e of direct type variation of the same fund and you get lesser control on your investment compared to groww/coin due to inferior ui of nj. probably oay the agent upfront fees for the fund selection as its their livelihood and i don't want to be the reason of someone losing job. and then move new investments to direact type variation of the fund.,https://www.reddit.com/r/mutualfunds/comments/1vwwfzz/should_i_rely_on_nj_wealth_for_mfs/p5kgdwf/,choose between NJ (regular) and a direct app,trust: fees,retail-experienced,T12
Reddit r/mutualfunds,(community),2026-04-20,,…You will be paying more expense ratio for fof fund and underlying etf funds(which won't show in apps like groww or zerodha because of compliance rule). Instead invest in gold or silver etf directly .Stay away from sector or thematic funds if you don't understand cycles.,https://www.reddit.com/r/mutualfunds/comments/1sqcmvf/respected_all_can_you_please_help_me_review_my/oh7159v/,see FoF underlying expense in the app,trust: honesty,retail-experienced,T8
App Store,Zerodha Coin,2026-02-09,,"Improvements needed: mutual funds overlap, instant NAV updates, check rolling returns, standard deviation, up/down side capture. [Acknowledges the minimalist philosophy but argues these support long-term decisions.]",https://apps.apple.com/in/app/coin-by-zerodha-mutual-funds/id1392892554?see-all=reviews,evaluate a fund before a long-term buy,functional: missing,retail-experienced,T10
App Store,Zerodha Coin,2024-04-16,,Requests detailed fund manager information instead of 'redirect us to google search'.,https://apps.apple.com/in/app/coin-by-zerodha-mutual-funds/id1392892554?see-all=reviews,learn who runs the fund,functional: missing,retail-experienced,T1
App Store,Zerodha Coin,2025-02-04,,"Lists missing features: daily SIP creation, XIRR sorting, tax modeling. 'Arrogant people, don't take feedback.'",https://apps.apple.com/in/app/coin-by-zerodha-mutual-funds/id1392892554?see-all=reviews,sort holdings by XIRR,functional: missing,retail-experienced,T5
App Store,Kuvera,2026-05-27,,"Serious Investors Need the Old Features Back: missing research features including individual fund performance tracking, peer comparison data, and fund filtering capabilities.",https://apps.apple.com/in/app/kuvera-by-cred-mutual-funds/id1329701793?see-all=reviews,compare a fund with peers and filter,functional: missing,retail-experienced,T3
App Store,Kuvera,2026-04-18,,"All the best features have been removed in the new app: Tax Harvesting, EPF tracking, offline gold updates. 'Cred has taken an amazing product and destroyed it completely.'",https://apps.apple.com/in/app/kuvera-by-cred-mutual-funds/id1329701793?see-all=reviews,keep using tools they relied on,functional: missing,retail-experienced,T9
App Store,Dezerv,2025-01-21,,No View of Fund Details: App gives only the list of funds invested and with amount but there is no option to go inside the fund and see the details about fund allocation and returns details... User does have clue about how the fund is performing.,https://apps.apple.com/in/app/id1591432221?see-all=reviews,open a fund and see allocation and returns,functional: missing,retail-experienced,T1
App Store,Dezerv,2026-08-24,,It's recommending to move my 75% of my multi million worth portfolio at a single go without considering other expense factors or taxes. The ideal portfolios it shows... recommend unusual or smaller AMCs with very small assets under management. Clearly their business models driven by their own benefits.,https://apps.apple.com/in/app/id1591432221?see-all=reviews,act on a portfolio recommendation,trust: rating games,HNI,T6
App Store,Dezerv,2025-11-27,,"Don't know how to use the insights, but pretty cool to have them: While the analysis is good, I am still not clear on how I can use the analysis to better my investing.",https://apps.apple.com/in/app/id1591432221?see-all=reviews,turn analysis into a decision,content: unclear,retail-experienced,T11
App Store,INDmoney,2019-04-24,,I was amazed at the switch suggestions I got for my portfolio. No other app gave me rock-solid rationale on why bad funds should be switched... Transparent view of post tax return analysis gives me enough information to choose right funds.,https://apps.apple.com/in/app/id1450178837?see-all=reviews,decide which funds to switch,-,HNI,PROTECT
App Store,INDmoney,2024-01-09,,"Thanks to this App i discovered that I had been paying a fortune to my MF financial advisor for almost a decade in terms of heavy commissions, totally oblivious.",https://apps.apple.com/in/app/id1450178837?see-all=reviews,understand what the advisor cost,trust: fees,retail-experienced,T12
App Store,NJ E-Wealth,2023-12-07,,"It's best application but many improvements require data provide is very less learn something from GROW application and improve faster, I relied on grow app to manage my portfolio and for decision making…",https://apps.apple.com/in/app/nj-e-wealth-account/id608914953?see-all=reviews,decide using the advisor's own app,functional: missing,retail-experienced,T1
App Store,AssetPlus Distributor,2026-05-02,,As a mutual fund distributor there were many challenges... It's the best app to use while consulting clients which funds they should opt for.,https://apps.apple.com/in/app/assetplus-mf-distributor-app/id1539113329?see-all=reviews,consult a client on which funds to opt for,-,MFD,PROTECT
App Store,AssetPlus Distributor,2026-05-28,,Client onboarding is buggy... client activation takes a lot of time which makes me loose the opportunity to start investment immediately when I am with the client.,https://apps.apple.com/in/app/assetplus-mf-distributor-app/id1539113329?see-all=reviews,close a proposal while sitting with the client,functional: broken,MFD,T12
App Store,Wealthy Partner,2026-02-26,,"Portfolio Review Feature Stands out: To assess the client external investment, it used to take hours for me, this AI based features help me to generate reports in a seconds, saves time for me.",https://apps.apple.com/in/app/wealthy-partner-mfds-ifas/id1585943279?see-all=reviews,review a prospect's external portfolio,-,MFD,PROTECT
App Store,Scripbox,2024-10-01,5,"I didn't have the time, energy and expertise to do the research and choose the fund among all funds in the market! Scripbox helped me to grow my investments over the years. No one from Scripbox disturbed me with sales calls.",https://apps.apple.com/in/app/id1137375075?see-all=reviews,choose a fund without doing the research,-,retail-first-time,PROTECT
App Store,Scripbox,2026-05-02,5,the fund recommendations by scripbox are really good if you are not into exploring and analysing everything on your own. Just put your money and expect scripbox to keep doing its due diligence.,https://apps.apple.com/in/app/id1137375075?see-all=reviews,delegate fund choice,-,retail-first-time,PROTECT
App Store,Value Research,2025-11-26,,"In today's noise filled world if you are looking for honest, simple, clear and straightforward advise/information - look no further... I have become an astute investor thanks to VR.",https://apps.apple.com/in/app/value-research-online/id1634777012?see-all=reviews,get advice they can trust,-,retail-experienced,PROTECT
App Store,ET Money,2025-09-23,,App degraded since 2019; 'flooded with Genius options' obscuring basic features; paid features overshadow free services.,https://apps.apple.com/in/app/et-money-mutual-fund-sip-app/id1212752482?see-all=reviews,reach basic features,usability: can't find,retail-experienced,T7
Cafemutual (comment),(advisor community),2026-09-18,,"everyone has an advisor, may not be registered...it could be a friend, influencer on social media, MFD, RIA. very few can research and invests in isolation, people draw comfort from knowing someone in person having same conviction to stay put.",https://cafemutual.com/news/industry/38820-the-gen-next-investor-may-use-an-app-to-invest-but-still-turn-to-an-adviser-for-conviction,stay invested through a decision,-,retail-experienced,PERSONA
Cafemutual (article quote),"(MFD, Manas Wealth)",2024-09-01,,"MFDs shouldn't offer something because it is the flavour of the season. If an investor is investing for a shorter period, MFDs shouldn't shy away from giving them debt funds.",https://cafemutual.com/news/business-development/32318-what-mfds-should-not-be-doing,recommend against the trend,trust: honesty,MFD,T6
